{"validation_loss":0.0011824703542515635,"train_steps":750,"_step":18,"_runtime":7180.134003407,"test_loss":0.0019292655633762479,"_wandb":{"runtime":7180},"_timestamp":1.7485765804963822e+09,"epoch":18,"train_loss":0.0009759692863056746}