{"_wandb":{"runtime":12016},"_timestamp":1.7482713657697198e+09,"train_loss":0.0011611454101218691,"epoch":3,"validation_loss":0.000808395619969815,"test_loss":0.0017683932092040777,"train_steps":2231,"_step":3,"_runtime":12016.912906857}