{"test_loss":0.002439177129417658,"train_loss":0.0012203093365727303,"train_steps":750,"epoch":10,"_wandb":{"runtime":2372},"validation_loss":0.0014984674053266644,"_timestamp":1.7484422967821658e+09,"_runtime":2372.06522442,"_step":10}