{"validation_loss":0.0010989493457600474,"train_steps":750,"_wandb":{"runtime":4259},"_runtime":4259.172339919,"_timestamp":1.7485912893159478e+09,"epoch":10,"test_loss":0.0017181549919769168,"train_loss":0.0009303405030223075,"_step":10}