{"validation_loss":0.0013521404471248388,"train_steps":750,"_wandb":{"runtime":5147},"train_loss":0.001163318336106992,"_runtime":5147.278100184,"epoch":10,"_timestamp":1.7485090245675802e+09,"test_loss":0.002684111474081874,"_step":10}