{"_step":18,"train_steps":750,"test_loss":0.0023217620328068733,"_runtime":6512.457880363,"_wandb":{"runtime":6512},"epoch":18,"_timestamp":1.7483031175335402e+09,"train_loss":0.0011099386036706467,"validation_loss":0.0010322582675144076}