{"_wandb":{"runtime":3253},"test_loss":0.0024213700089603662,"_step":9,"validation_loss":0.0013949312269687653,"_timestamp":1.7483903045881834e+09,"epoch":9,"train_loss":0.0010917824641025315,"train_steps":750,"_runtime":3253.493975473}