{"validation_loss":0.004231071099638939,"_runtime":724.06367158,"test_loss":0.011938810348510742,"_step":1,"train_steps":1113,"_wandb":{"runtime":724},"train_loss":0.007543560615150795,"_timestamp":1.7482574125247285e+09,"epoch":1}