{"validation_loss":0.0010693768272176385,"_wandb":{"runtime":5599},"test_loss":0.002920041559264064,"_timestamp":1.7485821899959347e+09,"epoch":14,"train_loss":0.0010092807851227311,"train_steps":750,"_runtime":5599.688375404,"_step":14}