{"_runtime":2138.660595993,"_step":9,"test_loss":0.002104363404214382,"validation_loss":0.0011931039625778794,"train_steps":750,"epoch":9,"train_loss":0.001019393997072863,"_wandb":{"runtime":2138},"_timestamp":1.7485326151152604e+09}