{"_timestamp":1.748335304490178e+09,"_wandb":{"runtime":3681},"test_loss":0.002333960495889187,"_step":9,"train_steps":750,"validation_loss":0.001208648202009499,"_runtime":3681.665247406,"epoch":9,"train_loss":0.0011250001819959532}