{"_wandb":{"runtime":4564},"epoch":9,"train_loss":0.0010159010872982132,"validation_loss":0.0011258421000093222,"train_steps":750,"test_loss":0.0018410863121971488,"_step":9,"_runtime":4564.675479689,"_timestamp":1.7486164568060591e+09}