{"_wandb":{"runtime":27488},"train_loss":0.0012729646122315898,"validation_loss":0.0011598877608776093,"_timestamp":1.7486439576079268e+09,"epoch":16,"test_loss":0.002427771920338273,"train_steps":750,"_runtime":27488.64977202,"_step":16}