{"test_loss":0.001767184934578836,"_timestamp":1.7484125361924145e+09,"_runtime":3839.715077414,"epoch":8,"_step":8,"_wandb":{"runtime":3839},"train_loss":0.0009984293098483856,"validation_loss":0.001094711828045547,"train_steps":750}