{"_wandb":{"runtime":1626},"test_loss":0.0022573531605303288,"train_steps":750,"_timestamp":1.748373358992079e+09,"train_loss":0.0010449403511593118,"_step":9,"epoch":9,"validation_loss":0.0011999538401141763,"_runtime":1626.16424645}