{"test_loss":0.001855284790508449,"epoch":19,"train_loss":0.001054051938932389,"_wandb":{"runtime":3143},"_step":19,"validation_loss":0.0011308554094284773,"train_steps":750,"_runtime":3143.861146842,"_timestamp":1.748611886869576e+09}