{"_runtime":710.782281415,"epoch":1,"_wandb":{"runtime":710},"train_loss":0.008417535220651058,"validation_loss":0.0051143113523721695,"test_loss":0.016425877809524536,"train_steps":1113,"_timestamp":1.7482581311945853e+09,"_step":1}