{"_wandb":{"runtime":6263},"_timestamp":1.7485975630031338e+09,"epoch":9,"train_loss":0.0013939980166226935,"train_steps":750,"test_loss":0.00247606891207397,"_runtime":6263.508961176,"_step":9,"validation_loss":0.0013836375437676907}