{"_step":13,"epoch":13,"test_loss":0.0018371909391134977,"validation_loss":0.0009998090099543333,"_wandb":{"runtime":4821},"train_loss":0.0009207567452491882,"_timestamp":1.74858702143893e+09,"_runtime":4821.836508734,"train_steps":750}