{"validation_loss":0.001023659948259592,"_wandb":{"runtime":3344},"test_loss":0.001779970247298479,"epoch":9,"train_loss":0.0009098058484766322,"_timestamp":1.7484942992783918e+09,"_step":9,"train_steps":750,"_runtime":3344.079945573}