{"epoch":13,"train_steps":750,"validation_loss":0.0016394606791436672,"train_loss":0.0020703903575194998,"_wandb":{"runtime":14156},"_timestamp":1.7485304603056047e+09,"test_loss":0.003875904716551304,"_runtime":14156.934185673,"_step":13}