{"_runtime":5797.090724808,"epoch":15,"train_loss":0.0009010205118102022,"validation_loss":0.000883320695720613,"test_loss":0.002043679589405656,"train_steps":750,"_step":15,"_wandb":{"runtime":5797},"_timestamp":1.7484038806464179e+09}