{"_wandb":{"runtime":11855},"_timestamp":1.7482845939845715e+09,"epoch":19,"train_loss":0.0010716641280838909,"validation_loss":0.001029430073685944,"test_loss":0.002251928672194481,"_runtime":11855.810473786,"_step":19,"train_steps":750}