{"validation_loss":0.000985642778687179,"test_loss":0.0018002234864979982,"epoch":15,"train_loss":0.0008990753237643124,"_wandb":{"runtime":8120},"_runtime":8120.872161391,"_timestamp":1.748420668076395e+09,"_step":15,"train_steps":750}