{"epoch":13,"validation_loss":0.0010681075509637594,"_step":13,"_wandb":{"runtime":6270},"train_loss":0.0011075636401462058,"train_steps":750,"_runtime":6270.88199004,"_timestamp":1.7483870400597444e+09,"test_loss":0.0022311676293611526}